Nouns,frequency,number_of_reviews
costume,431,292
language,408,156
rosetta,406,161
stone,374,149
size,249,188
product,249,177
program,227,104
way,226,170
price,219,190
software,202,85
quality,182,173
words,166,90
daughter,161,148
halloween,142,132
son,136,108
level,127,85
tutu,122,97
lot,117,95
bag,116,52
watch,115,40
bit,113,99
money,112,99
people,107,84
picture,104,88
box,104,72
something,97,87
mask,93,64
fun,92,83
gift,91,85
material,90,86
shirt,89,72
book,88,52
lessons,87,60
item,87,67
color,87,80
jewelry,85,50
problem,84,72
part,80,69
computer,78,47
english,77,48
pictures,77,55
things,76,65
course,76,52
school,74,60
thing,73,69
grammar,72,36
word,72,40
fit,72,70
child,71,62
times,69,54
learning,67,51
version,66,33
everything,66,56
head,64,53
immersion,63,44
languages,62,39
anything,61,55
piece,60,53
vocabulary,59,34
amazon,59,48
work,58,50
kids,57,42
lesson,56,32
purchase,55,54
use,54,48
waist,53,43
dress,53,40
ears,53,39
case,51,32
outfit,51,43
christmas,50,49
party,50,46
helmet,49,23
anyone,49,46
pants,48,35
birthday,48,44
granddaughter,46,42
room,45,42
system,45,26
husband,44,40
phrases,44,29
package,44,38
love,43,39
stars,43,41
books,43,33
girl,43,42
idea,42,37
colors,42,39
someone,42,38
skirt,41,33
laptop,41,28
support,41,26
method,40,27
pronunciation,39,30
set,39,27
review,38,33
voice,38,22
headset,38,24
recognition,38,25
reviews,38,36
speakers,38,25
lots,38,33
company,37,33
fabric,37,32
fact,37,33
nothing,37,36
top,36,30
couple,35,34
band,35,28
wife,35,28
baby,35,27
others,35,32
boy,35,29
problems,34,27
mouse,34,28
style,34,25
mickey,34,25
girls,34,28
job,34,31
shipping,34,32
place,34,30
games,33,27
point,33,31
side,33,32
microphone,33,26
socks,32,19
face,32,27
children,32,21
pimsleur,31,16
college,31,25
plastic,31,29
rules,31,18
service,31,25
man,30,25
kind,30,28
person,30,28
customer,30,26
order,30,30
example,30,22
pieces,30,23
minutes,30,25
class,30,25
seller,30,26
niece,30,29
stuff,30,27
trip,30,27
tutus,30,23
speaker,30,26
clothes,29,26
programs,29,26
buy,29,29
look,29,28
shirts,29,23
store,29,29
online,29,22
levels,29,25
compliments,29,29
family,29,28
hat,29,24
deal,28,26
basics,28,19
issue,28,24
broom,28,17
alphabet,28,14
back,27,23
friend,27,27
costumes,27,24
wig,27,20
reason,26,24
pink,26,23
everyone,26,25
conversation,26,19
audio,26,18
star,26,21
adults,25,17
reading,25,18
ways,25,23
age,25,25
access,25,22
end,25,25
experience,25,20
type,25,23
water,25,23
space,25,19
waste,25,24
learner,25,16
cost,25,20
line,25,22
tool,24,19
friends,24,22
pair,24,18
eye,24,22
process,24,21
sentence,24,18
help,24,21
information,24,18
approach,24,17
products,23,19
user,23,18
sizes,23,23
life,23,21
hit,23,23
half,23,23
holes,23,22
skills,23,17
thanks,23,23
sentences,23,17
teeth,22,16
phone,22,19
pocket,22,14
unit,22,11
features,22,19
number,22,21
length,22,22
shape,22,21
bracelet,22,15
music,21,14
not,21,16
leather,21,18
jacket,21,13
classes,21,18
teaching,21,20
play,21,21
fan,21,18
practice,21,18
wish,21,21
pronounciation,21,5
eyes,21,20
home,21,19
trial,21,15
design,21,21
while,20,18
album,20,8
option,20,16
house,20,19
ones,20,18
users,20,13
perfect,20,20
shoes,20,10
thailand,20,10
choice,20,15
world,20,19
teacher,19,19
arms,19,17
lbs,19,16
kid,19,18
phrase,19,12
spanish,19,15
photo,19,18
hand,19,19
adult,19,18
amount,19,17
complaint,19,19
cds,19,17
plenty,19,19
waistband,18,16
collection,18,15
feature,18,18
t shirt,18,14
internet,18,16
speech,18,15
one,18,17
mac,18,14
daughters,18,18
dictionary,18,11
value,18,16
medium,18,15
brand,18,15
bottom,18,17
section,18,12
glue,18,18
layers,18,17
strap,18,14
mine,18,17
travel,18,11
summer,17,14
bottle,17,14
gear,17,15
arabic,17,6
purpose,17,16
rosary,17,9
parts,17,17
date,17,16
description,17,15
fine,17,17
ear,17,14
pockets,17,16
guide,17,11
hebrew,16,6
need,16,16
name,16,13
structure,16,14
legs,16,13
card,16,13
compartments,16,16
guy,16,14
addition,16,15
toy,16,15
classroom,16,12
tommy,16,13
sessions,16,14
button,16,11
ability,16,13
options,16,15
bathroom,15,11
delivery,15,15
light,15,13
student,15,13
condition,15,15
instructions,15,15
sound,15,12
shoulder,15,13
feel,15,14
nixon,15,13
series,15,11
expectations,15,14
materials,15,15
car,15,14
image,15,13
weight,15,15
shoe,15,8
stores,14,14
great,14,14
casio,14,7
translation,14,10
earrings,14,9
woman,14,14
feet,14,13
backpack,14,8
bucks,14,13
mind,14,14
french,14,13
this,14,13
exercises,14,13
installation,14,11
pathfinder,14,6
puzzles,14,12
tape,14,13
boyfriend,14,14
verbs,14,10
toddler,14,13
italy,14,11
attention,14,14
sounds,14,10
cards,14,11
variety,13,13
glasses,13,12
site,13,13
designs,13,10
sleeves,13,13
screen,13,13
patterns,13,10
hair,13,9
memorization,13,9
easy,13,12
sections,13,8
pack,13,10
amazon com,13,10
compass,13,9
sense,13,13
inches,13,11
minnie,13,13
letters,13,9
iphone,13,10
wallet,13,9
show,13,13
matter,13,13
straps,13,12
progress,13,13
images,13,12
business,13,12
area,13,11
first,13,13
sort,13,13
but,13,12
methods,13,8
front,13,13
gloves,12,11
lol,12,12
soccer,12,8
concepts,12,7
country,12,11
items,12,11
courses,12,8
instruction,12,10
account,12,9
copy,12,11
learners,12,11
apps,12,5
bahama,12,9
keyboard,12,9
disappointment,12,12
tulle,12,11
pace,12,9
sister,12,11
grandson,12,12
men,12,10
purse,12,7
watches,12,7
got,12,12
clothing,12,11
trouble,12,10
air,12,8
replacement,12,12
mouth,12,10
touch,12,11
characters,11,10
pounds,11,11
study,11,10
repetition,11,11
tag,11,9
toto,11,6
wash,11,10
error,11,10
mother,11,9
plus,11,11
services,11,5
witch,11,10
concept,11,10
rest,11,11
photos,11,8
pain,11,9
parents,11,10
dog,11,9
spelling,11,9
application,11,8
reviewers,11,11
mistakes,11,9
difference,11,10
bags,11,9
accent,11,10
reference,11,9
shorts,11,10
women,11,8
issues,11,11
lack,11,9
start,11,9
success,11,11
table,10,9
food,10,9
tail,10,9
spongebob,10,5
machine,10,10
jeans,10,7
ball,10,7
neck,10,9
bra,10,6
xxl,10,9
code,10,8
hindi,10,5
google,10,7
planet,10,7
content,10,8
format,10,8
comfort,10,10
wrist,10,8
university,10,8
construction,10,10
battery,10,7
titanium,10,6
training,10,9
disney,10,6
right,10,10
culture,10,10
pattern,10,8
totale,10,6
opening,10,7
test,10,5
stickers,10,7
answer,10,8
tagalog,10,2
weather,10,10
blessing,10,4
explanation,10,9
nose,10,10
dance,10,10
necklaces,10,8
shopping,10,10
afghans,10,9
polish,10,2
chart,10,7
website,10,9
speaking,10,10
community,10,9
suit,10,9
textbook,10,8
headband,10,9
foundation,10,8
wear,10,9
nephew,10,9
aspect,10,9
padding,9,7
thai,9,3
floor,9,8
rating,9,9
packaging,9,8
title,9,8
big,9,9
trick,9,9
versions,9,7
questions,9,9
areas,9,8
conjugation,9,8
cell,9,8
msa,9,2
places,9,7
t  t,9,9
sleeve,9,9
future,9,9
art,9,9
messenger,9,7
page,9,7
toe,9,6
kit,9,6
none,9,9
winter,9,9
computers,9,8
nouns,9,9
result,9,9
laugh,9,9
windows,9,6
bunch,9,8
train,9,9
companion,9,6
tech,9,6
safety,9,7
ipad,9,5
plane,9,8
resources,9,8
stick,9,7
austin,9,7
conversations,9,8
app,9,7
students,9,9
interface,9,7
usage,9,7
period,9,8
research,9,7
tons,9,9
looks,9,9
puzzle,9,8
onesie,9,7
latin,9,6
germany,9,7
combination,9,8
tongue,9,6
memory,9,8
knowledge,8,8
beginner,8,8
advice,8,7
guides,8,5
c string,8,1
super,8,8
activities,8,8
japanese,8,5
project,8,8
diaper,8,7
cardboard,8,7
hope,8,8
cloth,8,7
results,8,8
opinion,8,8
pressure,8,5
zipper,8,7
model,8,7
modules,8,5
german,8,8
body,8,8
hands,8,6
everybody,8,6
fault,8,8
sign,8,7
desk,8,5
collar,8,8
challenge,8,7
numbers,8,7
downside,8,8
edition,8,5
group,8,8
foot,8,7
grammer,8,1
environment,8,6
boxes,8,6
hearing,8,7
vacation,8,8
measurements,8,6
storage,8,5
velcro,8,8
compartment,8,7
seam,8,8
stitching,8,7
return,8,8
video,8,7
drawers,8,5
meaning,8,7
detail,8,8
difficulty,8,8
works,8,8
chance,8,8
standard,8,8
bill,8,6
portion,8,8
smell,8,6
powers,8,6
extenders,7,6
notes,7,4
response,7,7
background,7,6
city,7,6
answers,7,5
worth,7,7
layer,7,7
text,7,7
russian,7,6
session,7,6
technique,7,7
changes,7,6
toes,7,6
buzz,7,7
alot,7,7
files,7,7
script,7,4
torso,7,6
luck,7,7
guidebooks,7,4
lady,7,7
complaints,7,7
knitter,7,5
basis,7,7
shapes,7,4
boys,7,7
flap,7,6
needs,7,7
context,7,6
drinking,7,6
directions,7,7
rrb,7,6
spot,7,6
string,7,7
component,7,5
effort,7,7
accessory,7,6
score,7,6
notebook,7,5
dollars,7,7
costs,7,7
question,7,7
inch,7,6
charts,7,6
batteries,7,3
dad,7,6
advantage,7,6
stories,7,6
fee,7,5
cosplay,7,6
activation,7,5
reasons,7,6
refund,7,7
sites,7,4
ton,7,7
sensor,7,4
accessories,7,7
inside,7,7
shoulders,7,6
tutor,7,6
joke,7,7
cotton,7,7
edges,7,6
brain,7,5
pope,7,5
princess,7,7
protection,7,6
etc,7,6
player,7,7
bonnet,7,5
reviewer,7,6
power,7,6
knitting,7,4
mistake,7,7
necklace,7,5
drive,7,6
metal,7,6
chin,7,7
france,7,7
perspective,7,5
middle,7,7
clip,6,5
disk,6,3
skin,6,5
mesh,6,6
action,6,6
walmart,6,5
headphones,6,5
hole,6,6
leggings,6,6
web,6,6
surprise,6,6
basket,6,5
stormtrooper,6,3
grade,6,5
dorothy,6,4
covers,6,6
barometer,6,6
units,6,5
components,6,4
clinton,6,4
glass,6,6
desktop,6,4
height,6,6
lab,6,1
translate,6,5
dinner,6,6
ring,6,6
frame,6,6
mom,6,6
laughs,6,6
guys,6,6
jeannie,6,3
means,6,6
xmas,6,6
silk,6,5
dream,6,5
paper,6,6
feedback,6,4
offer,6,6
uses,6,6
gifts,6,6
syntax,6,4
ballerina,6,5
bracelets,6,3
vendor,6,5
source,6,6
tjader,6,4
replica,6,4
underwear,6,3
mark,6,5
technology,6,5
rubber,6,5
function,6,5
evil,6,3
plural,6,6
systems,6,5
beginning,6,6
ends,6,6
details,6,6
cover,6,5
cat,6,5
all,6,6
stig,6,6
lock,6,5
hardware,6,4
task,6,6
list,6,4
interaction,6,4
grasp,6,4
note,6,6
observation,6,6
models,6,6
buttons,6,6
minute,6,5
pins,6,6
custom,6,5
bed,6,6
girlfriend,6,6
news,6,5
links,6,3
doesnt,6,5
core,6,5
key,6,6
scratch,6,5
con,6,6
settings,6,4
pin,6,5
paint,6,5
data,6,4
shade,6,6
stretch,6,5
functions,6,4
seconds,6,5
info,6,5
resource,6,6
feeling,6,5
understanding,6,5
cummings,6,4
evening,6,4
dialect,6,4
fix,6,6
foam,6,6
nicky,5,4
dont,5,5
control,5,4
position,5,4
solar,5,3
decoration,5,4
lewis,5,2
doctor,5,3
target,5,4
fluenz,5,3
terms,5,5
vietnamese,5,1
epstein,5,5
shop,5,5
dreams,5,3
keys,5,4
print,5,5
lace,5,4
benefit,5,5
sea,5,4
lunch,5,5
situation,5,5
states,5,5
boo,5,4
shame,5,5
nylon,5,5
gender,5,5
well,5,5
examples,5,4
richard,5,5
spiderman,5,4
belt,5,4
glove,5,5
neice,5,5
refresher,5,5
tee,5,5
thats,5,5
character,5,5
search,5,5
investment,5,5
sides,5,5
mambo,5,3
temperature,5,3
lion,5,4
korea,5,4
chest,5,5
glitch,5,4
collector,5,5
spaces,5,5
change,5,5
whole,5,5
japan,5,5
mirror,5,5
movie,5,5
ages,5,5
classrooms,5,5
wedding,5,4
substitute,5,4
writing,5,5
pretty,5,5
outside,5,5
tenses,5,5
leopard,5,5
differences,5,5
failure,5,5
self,5,5
joy,5,5
sale,5,5
rate,5,5
conjugate,5,4
office,5,5
cooking,5,4
spring,5,4
infant,5,5
coin,5,2
media,5,3
hood,5,4
contest,5,5
pda,5,5
instructor,5,5
arm,5,5
mandarin,5,5
production,5,5
scissors,5,5
loop,5,5
iron,5,5
poor,5,4
sock,5,3
textbooks,5,5
visor,5,3
mos,5,3
wizard,5,5
dimensions,5,4
ladies,5,5
china,5,5
game,5,4
berlitz,5,4
semester,5,4
rat,5,5
dialects,5,4
subscription,5,5
jazz,5,3
capacity,5,4
outfits,5,5
window,5,4
strips,5,3
italian,5,3
updates,5,3
care,5,5
tests,5,5
beginners,5,4
moon,5,2
clips,5,4
phonetics,5,2
tools,5,5
readings,5,3
island,5,4
guess,5,5
brother,5,5
mail,5,5
hmong,5,1
translations,5,5
fans,5,5
it i,5,5
jam,5,2
headpiece,5,3
crap,5,5
credit,5,5
base,5,5
envelope,5,5
state,5,5
members,5,5
emphasis,5,4
much,5,4
structures,5,4
plan,5,5
appearance,5,5
romance,5,4
force,5,5
exchange,5,4
techniques,5,5
kinda,5,4
instance,5,5
anybody,5,5
lonely,5,2
babies,5,4
mean,5,5
min,4,3
runes,4,1
purposes,4,3
errors,4,4
boot,4,4
hopes,4,4
range,4,3
luggage,4,3
tutors,4,4
matters,4,4
kinds,4,4
moment,4,4
scene,4,3
granddaughters,4,4
measure,4,3
ebay,4,3
cellphone,4,4
customers,4,4
homeschool,4,3
chat,4,4
explanations,4,4
object,4,4
italiano,4,3
fila,4,2
attempts,4,4
bamboo,4,2
hook,4,4
glitches,4,4
little,4,4
guidance,4,4
shipment,4,4
regard,4,4
farsi,4,2
marks,4,3
president,4,3
cap,4,4
edge,4,3
theme,4,4
mommy,4,4
license,4,4
towel,4,4
assortment,4,4
types,4,4
run,4,4
vinyl,4,4
accident,4,4
arrival,4,4
jewlery,4,2
pad,4,4
bargain,4,4
profile,4,4
death,4,4
citizen,4,3
nights,4,4
contrast,4,3
only,4,4
paris,4,4
thomas,4,2
performances,4,3
breathing,4,4
assembly,4,4
bezel,4,3
lens,4,3
degree,4,3
toys,4,4
intarsia,4,2
comprehension,4,4
attempt,4,4
pentomino,4,4
exception,4,4
roomy,4,4
carter,4,4
childs,4,4
straw,4,3
retention,4,4
marketing,4,4
smartphone,4,3
beauty,4,4
choices,4,4
tone,4,1
comments,4,4
gripe,4,4
mane,4,3
fits,4,4
masks,4,3
countries,4,4
heart,4,4
microphones,4,2
cuts,4,3
homework,4,4
funk,4,3
imagination,4,4
font,4,3
l lingo,4,1
parade,4,4
acquisition,4,3
tights,4,4
impression,4,4
load,4,4
frustration,4,3
moleskine,4,2
seams,4,4
performance,4,4
stock,4,4
breath,4,4
surface,4,3
syllables,4,4
duct,4,4
knees,4,4
factor,4,4
figure,4,4
hats,4,4
meanings,4,3
hips,4,4
panty,4,4
wait,4,2
literature,4,2
butt,4,4
players,4,4
charge,4,4
garbage,4,4
ideas,4,4
comment,4,4
survival,4,2
opportunity,4,4
cut,4,3
homeschooling,4,2
tip,4,4
arrangements,4,3
jewerly,4,1
organization,4,4
prices,4,4
tifa,4,4
noun,4,4
chapter,4,3
try,4,4
confusion,4,4
risk,4,4
fluency,4,4
knee,4,4
criticism,4,4
theory,4,4
chore,4,4
coffee,4,3
trek,4,1
ipod,4,4
ground,4,4
rhythm,4,3
snug,4,4
waistline,4,3
stage,4,4
altimeter,4,4
disks,4,2
repeat,4,4
door,4,3
responses,4,4
contents,4,3
visuals,4,4
lap,4,3
motivation,4,3
musicians,4,3
exercise,4,4
jumpsuit,4,4
kitty,4,3
curriculum,4,4
movement,4,4
sight,4,4
milestones,4,4
measurement,4,4
songs,4,2
bible,4,3
lenses,4,4
desire,4,4
notch,4,4
t shirts,4,4
jewels,4,4
menu,4,3
folks,4,4
inserts,4,2
shelf,4,4
display,4,2
articles,4,4
restaurants,4,4
aunt,4,3
joe,4,3
spain,4,3
bug,4,4
drawer,4,3
durability,4,4
thigh,3,3
cycle,3,3
mood,3,2
ticket,3,3
bike,3,2
step,3,3
arrividerci,3,1
undershirts,3,2
forms,3,3
label,3,3
south,3,3
sticks,3,1
boba,3,3
shows,3,3
make,3,3
finger,3,2
onsie,3,3
rings,3,3
prepositions,3,2
teen,3,3
caution,3,3
beat,3,3
thong,3,3
warranty,3,3
ever,3,2
analog,3,1
conjugations,3,2
gym,3,3
twine,3,2
symbols,3,3
crook,3,3
palm,3,3
alright,3,3
goodbye,3,3
booklet,3,1
track,3,3
record,3,3
bus,3,2
ups,3,3
carla,3,1
cha,3,1
adventure,3,2
bikini,3,1
implementation,3,3
reality,3,3
anniversary,3,1
appreciation,3,3
disneyland,3,3
restaurant,3,2
flaws,3,3
root,3,2
cartoon,3,3
cultures,3,3
beads,3,2
inability,3,2
installs,3,3
supply,3,3
confirmation,3,2
headset microphone,3,3
spots,3,3
environments,3,3
new,3,2
lining,3,3
instrument,3,3
field,3,3
medal,3,3
centers,3,3
thickness,3,3
language i,3,3
block,3,3
lifetime,3,3
animals,3,3
red,3,3
guards,3,2
tab,3,2
dresses,3,3
sources,3,3
challenges,3,3
bob,3,2
sets,3,3
insight,3,3
loads,3,3
shin,3,2
shower,3,3
points,3,3
odor,3,3
tutoring,3,3
tags,3,2
craftsmanship,3,3
cause,3,3
darling,3,3
pic,3,3
lingerie,3,3
piping,3,3
reinforcement,3,3
greetings,3,3
youre,3,2
fett,3,3
c po,3,3
road,3,3
rubies,3,3
gauge,3,1
communication,3,3
texas,3,3
russia,3,3
soul,3,3
morning,3,3
demand,3,1
inseam,3,2
studio,3,2
port,3,3
flaw,3,3
hype,3,3
clue,3,3
rec,3,2
grand,3,3
pingyin,3,1
eyeholes,3,3
possibility,3,3
junk,3,3
canvas,3,3
holidays,3,3
vowels,3,3
though,3,3
peace,3,3
idiot,3,3
library,3,3
bonus,3,3
apartment,3,3
disc,3,2
connections,3,3
drawback,3,3
powerbook,3,1
center,3,3
vine,3,3
sandwich,3,3
expression,3,2
apple,3,3
shops,3,3
ironing,3,3
guarantee,3,3
magician,3,1
pop,3,3
file,3,2
flashcards,3,2
organizer,3,3
form,3,3
modern,3,3
belly,3,3
genre,3,3
device,3,3
distance,3,2
switch,3,2
headphone,3,3
chapters,3,3
enthusiasm,3,3
leg,3,3
event,3,3
co workers,3,3
logic,3,3
twigs,3,3
michel,3,1
rote,3,3
term,3,3
son in law,3,3
videos,3,3
huge,3,2
bez,3,1
timex,3,2
weekend,3,3
apparel,3,3
manner,3,3
orchestra,3,2
match,3,3
mode,3,3
studies,3,3
interior,3,3
shot,3,3
sunglasses,3,2
turquoise,3,2
doors,3,3
its,3,2
maps,3,3
backlight,3,2
messages,3,3
chances,3,3
claim,3,3
toddlers,3,2
amber,3,3
setup,3,3
greece,3,2
ntilde,3,1
sword,3,2
convention,3,3
buyers,3,3
finish,3,3
authors,3,2
klymaxx,3,2
hers,3,3
speach,3,1
holiday,3,3
wars,3,3
season,3,3
bla,3,1
websites,3,3
aloha,3,3
coating,3,3
experiences,3,3
linguist,3,3
father,3,3
association,3,3
terry,3,2
eco drive,3,2
sons,3,3
cross,3,3
effects,3,3
sandals,3,2
checkbook,3,3
purchases,3,3
airplane,3,3
bling,3,2
tracks,3,2
magazines,3,2
sweep,3,3
zone,3,3
dvd,3,3
mini,3,3
satin,3,3
wall,3,3
dealer,3,1
demo,3,3
closet,3,3
wheels,3,1
negatives,3,3
bras,3,3
yesterday,3,3
oct,3,1
dose,3,3
itunes,3,3
onesies,3,3
slots,3,3
meter,3,3
rope,3,2
helmets,3,2
cases,3,3
problemu,3,1
fraction,3,3
spandex,3,3
spite,3,2
wearings,3,3
evenings,3,3
depth,3,3
wood,3,2
rossetta,3,3
adjustments,3,3
agreement,3,2
petals,3,2
blast,3,3
expert,3,3
manila,3,2
jewellery,3,2
hat ears,3,3
counts,3,3
might,3,3
running,3,3
cruise,3,2
hip,3,3
thighs,3,3
dell,3,2
extension,3,3
lists,3,3
companies,3,3
fairy,3,3
trident,3,1
occasions,3,3
jimmy,3,2
thinking,3,3
improvements,3,2
neighborhood,3,3
total,3,3
reasoning,3,3
styles,3,3
report,3,1
buyer,3,3
fingers,3,3
market,3,3
caveat,3,3
housing,3,2
senses,3,2
tourist,3,3
dials,3,1
recital,3,3
ios,3,1
youtube,3,3
sizing,3,3
skyhawk,3,2
snag,3,3
panel,3,2
thermometer,3,3
science,3,2
sequins,3,3
stop,3,3
tracking,3,3
intel,3,2
recording,3,3
discovery,3,3
ireland,3,1
comprehensive,3,1
heck,3,3
owner,3,2
values,3,2
bar,3,3
chain,3,3
visit,3,3
sat,3,2
hooks,3,3
selection,3,3
photographs,3,3
blue,3,3
whats,3,3
lightyear,3,3
exterior,3,3
comparison,3,3
concern,3,3
premium,3,2
cozumel,3,1
activity,3,3
gamble,3,3
stitch,3,2
bodysuits,3,3
register,3,2
playing,3,2
dive,3,3
situations,3,2
syllabary,3,1
handstrap,3,1
flowers,3,2
projects,3,3
pee,3,3
station,3,3
codes,3,2
trees,3,3
swag,3,2
typing,3,3
jewelery,3,2
cal,3,2
taste,3,3
heartbreaker,3,2
medallion,2,2
hints,2,2
sapphire,2,2
speed,2,2
passenger,2,1
lead,2,2
muffs,2,2
airyness,2,1
security,2,2
destination,2,2
injinji,2,1
anime,2,2
she,2,1
difficulties,2,2
interest,2,2
pocketbook,2,2
turn,2,2
bust,2,2
map,2,2
camel,2,2
team,2,2
paragraph,2,2
laos,2,2
standpoint,2,2
gentleman,2,2
let,2,1
densho,2,1
improvement,2,2
neighbor,2,2
setting,2,2
strangers,2,2
interval,2,1
novice,2,2
apron,2,1
reply,2,2
doubt,2,1
uniform,2,2
markers,2,2
methodology,2,2
somebody,2,2
creativity,2,2
minutes the,2,1
household,2,2
entry,2,2
move,2,2
wild,2,2
stress,2,2
comicon,2,2
disadvantage,2,1
reinstall,2,2
breeze,2,2
polski,2,1
fiance,2,2
assimil,2,1
sky,2,2
cool cons,2,1
fish,2,2
kanji,2,1
milestone,2,1
song,2,2
effect,2,2
pronoun,2,1
thoughts,2,2
gist,2,2
phase,2,2
stones,2,2
influence,2,1
wing,2,2
lips,2,2
fahrrad,2,1
appeals,2,2
removal,2,2
constructs,2,2
zippers,2,2
skill,2,2
flash,2,2
orders,2,2
mention,2,2
dutch,2,2
couples,2,2
folders,2,2
hiragana,2,1
walk,2,2
stamps,2,1
pentominoes,2,2
photograph,2,2
exceptions,2,2
developer,2,2
insert,2,2
witches,2,2
trains,2,2
lover,2,2
yep,2,1
article,2,2
film,2,2
drinks,2,2
other,2,1
e mails,2,1
elementary,2,2
spirit,2,2
warehouse,2,2
enjoyment,2,2
decals,2,2
clues,2,2
sewing,2,2
trash,2,2
subject,2,2
divas,2,2
representative,2,2
asl,2,1
mall,2,2
openings,2,2
tama,2,1
jury,2,2
rise,2,1
flowergirls,2,1
mexico,2,2
rosettastone,2,1
solo,2,2
somethings,2,2
laleela,2,1
movies,2,2
seat,2,2
gingham,2,1
natives,2,2
tones,2,2
index,2,2
win,2,2
strings,2,2
grandmother,2,2
iphone ipod,2,1
grocery,2,2
bridge,2,2
wrong,2,2
residue,2,2
cons,2,2
pom,2,1
drawbacks,2,2
jeweler,2,1
hassle,2,2
cables,2,2
fitting,2,2
babbel com,2,2
duolingo,2,2
rocks,2,2
millions,2,2
panties,2,1
cuz,2,2
pronouns,2,2
stability,2,2
pennies,2,2
airy,2,2
leotard,2,2
steel,2,2
delight,2,2
readers,2,2
notebooks,2,2
loss,2,2
summary,2,2
magnet,2,2
sweg,2,1
came,2,2
teal,2,2
rome,2,2
bands,2,2
casing,2,1
vendors,2,2
texture,2,2
vista,2,2
walloon,2,1
tiles,2,2
standout,2,2
museum,2,1
break,2,2
it for,2,1
dots,2,2
drm,2,1
headphone microphone,2,2
backyard,2,2
sales,2,2
scenarios,2,2
sponge,2,1
stockholm,2,1
coast,2,1
god,2,2
bond,2,2
wigs,2,2
nobody,2,2
logo,2,2
nun,2,1
requirements,2,2
building,2,2
size the,2,2
symbol,2,2
dozen,2,2
tapes,2,2
kana,2,1
education,2,2
mission,2,2
functionality,2,2
thought,2,2
aid,2,2
stay,2,2
weekends,2,2
lid,2,2
infants,2,2
shoot,2,2
discomfort,2,2
bronika,2,1
figures,2,1
have,2,2
call,2,2
bachelors,2,1
matching,2,2
dust,2,2
packages,2,2
minds,2,2
proof,2,2
advantages,2,2
deactivation,2,1
hunt,2,2
segment,2,1
racing,2,2
blow,2,2
west,2,2
altitude,2,2
storm,2,1
devanagari,2,1
real,2,2
fall,2,2
applications,2,2
sunlight,2,2
brothers,2,2
mailing,2,2
hobby,2,2
vocab,2,2
element,2,2
this i,2,2
say,2,2
horse,2,2
protrek,2,1
wardrobe,2,2
mountain,2,2
claims,2,2
birth,2,2
sellers,2,2
department,2,2
limitations,2,2
installer,2,2
lulee,2,1
supplies,2,2
representations,2,1
configuration,2,2
female,2,2
fir,2,2
drummer,2,2
them the,2,2
curve,2,1
charges,2,2
email,2,2
garment,2,2
was,2,2
timer,2,2
ancestory,2,1
linguistics,2,2
diamond,2,1
grandma,2,2
relatives,2,2
armor,2,2
bulk,2,2
yrs,2,2
associations,2,2
jet,2,1
skype,2,2
until,2,2
soo,2,2
crotch,2,2
pant,2,2
layout,2,2
humans,2,2
cigarette,2,2
tipi,2,1
animal,2,2
records,2,2
commuter,2,2
workbook,2,2
rep,2,2
tunes,2,1
manufacturer,2,2
dresser,2,1
kick,2,2
heels,2,2
pricing,2,2
packs,2,2
proficiency,2,2
bbc,2,2
satisfaction,2,2
damage,2,2
rainbow,2,2
boat,2,2
luau,2,2
concert,2,2
brushing,2,2
oddities,2,1
maintenance,2,2
portugese,2,1
author,2,1
our,2,2
craft,2,2
prize,2,1
that i,2,2
holders,2,2
tho,2,2
chinese,2,2
time if,2,2
decisions,2,2
tolerance,2,2
lines,2,2
grandchildren,2,2
eyesight,2,2
no show,2,2
wrinkles,2,2
fashion,2,2
builder,2,1
operator,2,2
universities,2,2
mckibbon,2,1
ease,2,2
kitchen,2,2
celebration,2,2
francis,2,2
status,2,2
definition,2,2
petticoat,2,2
licensing,2,1
designer,2,2
newspaper,2,2
long i,2,2
iraab,2,1
reloj,2,1
broke,2,2
xlg,2,1
fear,2,1
california,2,2
duran,2,1
balls,2,2
mike,2,2
kong,2,2
sorts,2,2
ceo,2,2
accordion,2,1
pronunciations,2,2
past,2,2
tie,2,2
scratches,2,2
hundreds,2,2
generation,2,2
pens,2,2
biking,2,2
esl,2,2
alarm,2,2
lighting,2,2
reagan,2,2
brother in law,2,2
swimming,2,2
tad,2,2
drink,2,2
rides,2,2
preface,2,2
heisig,2,1
princesses,2,2
problem it,2,2
pads,2,1
verification,2,2
friulan,2,1
beach,2,2
childrens,2,2
war,2,2
motocross,2,2
decade,2,2
george,2,2
percentile,2,2
europe,2,2
total e,2,1
limitation,2,2
nipples,2,1
fantasy,2,2
arab,2,1
confidence,2,1
makes,2,2
james,2,2
retailer,2,1
handling,2,2
onwards,2,2
talk,2,2
heads,2,2
painting,2,2
statement,2,2
def,2,2
stomach,2,2
ratings,2,2
gold,2,2
anatomy,2,2
recognistion,2,1
relationship,2,2
pleather,2,2
brick,2,2
tshirt,2,1
machines,2,2
connection,2,2
polyester,2,2
memories,2,2
dummy,2,2
katakana,2,1
rock,2,2
snap,2,2
ballads,2,2
knobs,2,2
rule,2,2
fundamentals,2,2
employees,2,2
threads,2,1
pendant,2,1
equivalent,2,2
alternative,2,2
collapse,2,1
exposure,2,2
commute,2,2
suits,2,2
dollar,2,2
contact,2,2
filas,2,1
undergarments,2,2
t touch,2,1
dress up,2,2
merchandise,2,2
chains,2,2
papers,2,2
standards,2,2
genki,2,2
penuar,2,2
selections,2,2
story,2,2
development,2,2
great they,2,2
platforms,2,1
lrb,2,2
poetry,2,2
drives,2,2
kindergarten,2,2
pages,2,2
cup,2,2
holder,2,1
parent,2,2
moleskin,2,1
dancing,2,2
pause,2,2
warmth,2,2
decision,2,2
ice,2,2
clasp,2,2
birthdays,2,2
linen,2,2
grandchild,2,2
dirt,2,2
syllable,2,2
bye,2,2
jute,2,1
smile,2,2
press,2,2
michael,2,2
mcdonalds,2,1
earth,2,2
pairs,2,2
basics pros,2,1
law,2,2
spray,2,2
punishment,2,2
gas,2,2
peers,2,2
washings,2,2
licenses,2,1
relief,2,2
xie,2,1
zia,2,1
orange,2,2
role,2,1
focus,2,2
balloon,2,2
century,2,2
hong,2,2
chemical,2,2
fusion,2,1
endings,2,2
circle,2,2
mug,2,2
needles,2,1
input,2,2
ankara,2,1
plans,2,2
sun,2,2
year old,2,2
underside,2,2
flavor,2,2
mess,2,2
profiles,2,2
horizons,2,2
debate,2,2
husbands,2,2
percent,2,2
letter,2,2
colour,2,2
ninjini,2,1
antenna,2,2
intonation,2,2
supplier,2,2
conditions,2,2
yonde,2,1
fell,2,2
down,2,2
presentation,2,2
flop,2,2
salsa,2,2
volume,2,2
laughter,2,2
seas,2,2
ideal,2,2
goethe,2,2
net,2,2
travels,2,2
substance,2,2
complexity,2,2
griffey,2,1
wrists,2,2
conjunction,2,2
manager,2,2
cabin,2,1
opportunities,2,2
counter,2,2
template,2,1
view,2,2
sand,2,2
mons,2,1
ads,2,2
thread,2,2
pencils,2,2
tiny,2,2
steam,2,2
alterations,2,2
wings,2,2
share,2,2
graph,2,2
objects,2,2
arpitan,2,1
silver,2,2
bush,2,1
und,2,1
duty,2,2
either i,2,2
accuracy,2,2
advertisement,2,2
ties,2,2
hunting,2,2
albums,2,2
importance,2,2
close,2,2
negative,2,2
stormtroopers,2,2
transaction,2,2
living,2,2
plates,2,2
continuity,2,2
handful,2,2
slot,2,2
backpacks,2,2
sake,2,2
hold,2,2
bean,2,2
mold,2,2
scale,2,2
benefits,2,2
quantity,2,2
birthday she,2,2
all i,2,2
americans,2,2
sewn,2,2
street,2,2
recall,2,2
shipper,2,2
subjects,2,2
truth,2,2
gurdy,2,2
policy,2,1
fembot,2,2
tank,2,2
dryer,2,2
justice,2,2
rosette,2,2
samples,2,2
parties,2,2
lavender,2,2
hubby,2,2
chord,2,1
garter,2,1
washer,2,2
weed,2,1
nature,2,2
india,2,2
town,2,2
grandparents,2,2
facility,2,2
reliability,2,2
groove,2,2
favorite,2,2
signs,2,2
fifties,2,1
older we,2,1
copyright,2,2
prg  t  v,2,1
overkill,2,2
vader,2,2
bandwidth,1,1
testing,1,1
sophomore,1,1
crowd windows,1,1
central,1,1
freezer,1,1
violation,1,1
efforts,1,1
mix,1,1
accommodation,1,1
language in,1,1
honda,1,1
cheers,1,1
fusha,1,1
ending,1,1
scrap,1,1
staff,1,1
dd i,1,1
humidity,1,1
cinderella,1,1
gender plurality,1,1
penny,1,1
watch the,1,1
tires,1,1
lessions,1,1
imitation,1,1
rabies,1,1
phone this,1,1
blockbusters,1,1
well on,1,1
excelente,1,1
needed don,1,1
although,1,1
series the,1,1
goosestepping,1,1
piecescons,1,1
wire,1,1
trading,1,1
listing apparently,1,1
red district,1,1
comp,1,1
planets,1,1
braid,1,1
working,1,1
fairness,1,1
appliances,1,1
trickster,1,1
shortcut,1,1
is using,1,1
repairs,1,1
computing,1,1
guatemala,1,1
broomstick,1,1
yeah,1,1
feb,1,1
ocasion,1,1
magnets,1,1
singapore,1,1
swift,1,1
itis,1,1
content immersion,1,1
halo,1,1
pop ups,1,1
filipino,1,1
one first,1,1
auctions,1,1
drill,1,1
jigsaw,1,1
rick,1,1
sling,1,1
corsican,1,1
head he,1,1
pre teens,1,1
flashes,1,1
original maybe,1,1
urine,1,1
material the,1,1
dwoje,1,1
kiddie,1,1
soft,1,1
courses i,1,1
heirloom,1,1
primers,1,1
carryon this,1,1
pack sadly,1,1
bargin,1,1
venetian,1,1
miniature,1,1
s n,1,1
cues here,1,1
hitch,1,1
profile pam,1,1
chamberlin sized,1,1
be material,1,1
vistas,1,1
elastics,1,1
modifications,1,1
think,1,1
saudi,1,1
spilling,1,1
dammmn,1,1
prose,1,1
child now,1,1
ga i,1,1
patient,1,1
belt so,1,1
motivated true,1,1
tilt,1,1
learning a,1,1
script third,1,1
death i,1,1
quad,1,1
pep,1,1
binding,1,1
eta,1,1
alive why,1,1
today i,1,1
self study,1,1
phrase it,1,1
execution,1,1
amazon example,1,1
tot,1,1
lil,1,1
devotion,1,1
inspiron,1,1
colorwork,1,1
grammar maybe,1,1
woman the,1,1
eye holes,1,1
ninja,1,1
location,1,1
shine,1,1
stylee,1,1
dinners,1,1
refrigerator,1,1
compassion,1,1
greatgrand,1,1
playdates,1,1
break i,1,1
fangs,1,1
troops,1,1
supplement,1,1
distribution,1,1
it hope,1,1
poisson,1,1
bty,1,1
yomu,1,1
feldman,1,1
of the,1,1
arts,1,1
switching,1,1
jahre,1,1
results rosetta,1,1
handkerchiefs,1,1
buy happy,1,1
authority,1,1
drop,1,1
juice,1,1
small had,1,1
costume brand,1,1
candy,1,1
out,1,1
bad,1,1
earlier,1,1
rose,1,1
craigslist,1,1
helpful not,1,1
proble,1,1
kittens,1,1
round,1,1
herman,1,1
process the,1,1
frames,1,1
painless,1,1
barter,1,1
vet,1,1
economy,1,1
absence,1,1
theft,1,1
ladybug,1,1
salmon,1,1
spark,1,1
curls,1,1
fuccia,1,1
park,1,1
voices,1,1
elsewhere if,1,1
actually,1,1
laughs would,1,1
darth,1,1
puente,1,1
chocolate,1,1
ganbatte,1,1
pc the,1,1
bet,1,1
time not,1,1
searches,1,1
stash i,1,1
idea i,1,1
quickly note,1,1
classmates,1,1
giants,1,1
perfume,1,1
bite,1,1
names,1,1
allophones,1,1
tomer,1,1
sensei,1,1
stockinette,1,1
descent for,1,1
inchiangmai com,1,1
coaster,1,1
godfather,1,1
pick,1,1
bone,1,1
experience i,1,1
nest,1,1
tourism,1,1
lingual,1,1
sfotware,1,1
dialogues,1,1
receiver,1,1
piracy,1,1
box in,1,1
wording,1,1
fabric design,1,1
noise,1,1
travellers,1,1
ships,1,1
subset,1,1
invoice,1,1
complex,1,1
griesser,1,1
pleasse,1,1
wristband,1,1
faster,1,1
nursing,1,1
aretons,1,1
tsee a,1,1
sie,1,1
it they,1,1
rervice i,1,1
buildings,1,1
youth,1,1
offices,1,1
dracula,1,1
hard,1,1
opinion what,1,1
awkwardness,1,1
unlicensed,1,1
melody,1,1
dudes,1,1
roadtrip,1,1
snacks,1,1
countdown,1,1
heap,1,1
prestardom,1,1
captain,1,1
outline,1,1
uuuuuuh,1,1
micky,1,1
me diego,1,1
tempeture,1,1
easily i,1,1
knitters,1,1
rudiger,1,1
hight,1,1
productfluenz,1,1
frankfurt,1,1
missions,1,1
theresa,1,1
language after,1,1
san,1,1
speakers judging,1,1
functionality features,1,1
parts we,1,1
beep,1,1
wad,1,1
emotions,1,1
monikers,1,1
adorama,1,1
schools cons,1,1
squad,1,1
daugthe,1,1
huh,1,1
chrome,1,1
pencil,1,1
bib,1,1
wastage,1,1
mtn,1,1
aides,1,1
tin,1,1
lense,1,1
second our,1,1
steal,1,1
del,1,1
imac,1,1
quote,1,1
click one,1,1
bleu,1,1
wefts,1,1
evry,1,1
tonne,1,1
sept,1,1
re activation,1,1
cold,1,1
nice,1,1
angeles,1,1
shapewhen,1,1
structure all,1,1
did,1,1
integrated,1,1
communion,1,1
grant,1,1
plain,1,1
work the,1,1
trends,1,1
lookin,1,1
suggestions,1,1
discount,1,1
iraqis,1,1
comprehension overall,1,1
growth,1,1
plus audio,1,1
brooch,1,1
around you,1,1
tuckus i,1,1
madrid,1,1
silk satin,1,1
sweaters,1,1
doing  it,1,1
resort,1,1
hall,1,1
pooh,1,1
omg,1,1
umbrella,1,1
manual,1,1
jewelry it,1,1
ribbon,1,1
corner,1,1
haven,1,1
practicing,1,1
call may,1,1
matching however,1,1
roman,1,1
price tag,1,1
overstock,1,1
value outstanding,1,1
for when,1,1
banter,1,1
veil,1,1
mindset,1,1
meeting,1,1
korean,1,1
crush,1,1
professionals,1,1
french learning,1,1
paper  it,1,1
battle,1,1
vision,1,1
either,1,1
model bracelet,1,1
accoutrements,1,1
thing also,1,1
language the,1,1
sassiness,1,1
spending,1,1
dads,1,1
proofing,1,1
chesticles,1,1
futurre,1,1
patches,1,1
behind casio,1,1
engaged,1,1
moroccan,1,1
tiene,1,1
learned when,1,1
hunter,1,1
putting sentences together on my own and saying them,1,1
circumference,1,1
genie,1,1
watercolors,1,1
essence,1,1
munchkin,1,1
lessons clear,1,1
seiko,1,1
steve,1,1
demensions,1,1
rags,1,1
clooney,1,1
blow up,1,1
what so ever,1,1
needs i,1,1
altitudes,1,1
lightweight,1,1
piggies,1,1
boracay,1,1
extentions,1,1
nieces,1,1
sheet,1,1
digitalwrist i,1,1
refernce,1,1
great it,1,1
plastics,1,1
branding,1,1
worksheets,1,1
familiarity,1,1
notion,1,1
trio,1,1
issue furthermore,1,1
podcastsinstead,1,1
brubeck,1,1
ocean,1,1
turtleneck,1,1
main,1,1
sissies,1,1
swimsuit,1,1
itself one,1,1
context rosetta,1,1
handbook,1,1
portage,1,1
butterfly,1,1
oneself,1,1
aunque,1,1
understand the,1,1
margin,1,1
skirts,1,1
jock,1,1
right click,1,1
slits,1,1
cosplayer,1,1
headahce,1,1
premise,1,1
campaign,1,1
backpack briefcase,1,1
use rosetta,1,1
met,1,1
matierial,1,1
software i,1,1
here downsides,1,1
catcher,1,1
fossil,1,1
page it,1,1
vermeer,1,1
mins,1,1
abilities,1,1
thank,1,1
said rs,1,1
spacing,1,1
hola,1,1
program i,1,1
from in,1,1
paraphernalia,1,1
mojo,1,1
this it,1,1
later the,1,1
say the,1,1
dances,1,1
hosiery,1,1
pst,1,1
chill,1,1
galician,1,1
affinity,1,1
time frame,1,1
stars my,1,1
i l lingo,1,1
qualm,1,1
claims to,1,1
german yiddish,1,1
percussion,1,1
weapons,1,1
evaluation,1,1
myfriends,1,1
all go,1,1
selling,1,1
stirage,1,1
depicted it,1,1
rappin,1,1
go you,1,1
phrases it,1,1
bodysolution,1,1
wide,1,1
expansion,1,1
nepal,1,1
american i,1,1
limits,1,1
stream,1,1
dial,1,1
recalibration,1,1
comanpy,1,1
grandaughter,1,1
bottom i,1,1
wonderful terrycac,1,1
eyelids,1,1
anxiety,1,1
lockhart,1,1
director,1,1
introductions,1,1
competitors,1,1
greeness,1,1
playig,1,1
breakes,1,1
wrap,1,1
nuances,1,1
trunk,1,1
sicilian,1,1
it not,1,1
gurantee,1,1
policeman,1,1
budget,1,1
you michael,1,1
females,1,1
offer besides,1,1
tutu i,1,1
syllabaries,1,1
download,1,1
retro,1,1
conversation the,1,1
handspring,1,1
post pregnancy,1,1
fire,1,1
ave,1,1
drums,1,1
smattering,1,1
costumewill,1,1
out that,1,1
baggage,1,1
usingfluenz,1,1
maze,1,1
kitaab,1,1
cravings,1,1
kmart,1,1
rrrrrrrrrrrrr,1,1
crinkles,1,1
hides,1,1
product my,1,1
cdrom,1,1
francaise,1,1
vibist,1,1
mismade,1,1
abuses,1,1
sample,1,1
speak they,1,1
curves,1,1
holidays the,1,1
charm,1,1
particle,1,1
becasue,1,1
w microphone,1,1
emails,1,1
adhesive,1,1
though although,1,1
laurels,1,1
scholars,1,1
date the,1,1
hrs,1,1
pumps,1,1
choker,1,1
garments,1,1
pediatrician,1,1
better there,1,1
ago i,1,1
timer all,1,1
leia,1,1
defect,1,1
ihave,1,1
quirks,1,1
cleaners,1,1
blaine,1,1
wee,1,1
sentence as,1,1
stone as,1,1
descriptions,1,1
ray,1,1
goldfish,1,1
experiment as,1,1
anchoring,1,1
recomend,1,1
commercials,1,1
pkg,1,1
boxing,1,1
words sight,1,1
facets,1,1
nonethess,1,1
apartment the,1,1
treatment,1,1
lone,1,1
shocks,1,1
subtlety,1,1
discipleship,1,1
release,1,1
plendy,1,1
favor,1,1
tspiderman,1,1
macromedia,1,1
signal,1,1
suunto,1,1
does,1,1
it you,1,1
bullcrap,1,1
zee ah,1,1
okproduct,1,1
mane bonnet,1,1
skating,1,1
syntax do,1,1
reward,1,1
sla,1,1
copying,1,1
powerhouse,1,1
up i,1,1
master,1,1
tassels,1,1
kenneth,1,1
snowboarding,1,1
heart note,1,1
prg  t,1,1
flyte,1,1
overcharge,1,1
ballers,1,1
vacuum,1,1
microsoft,1,1
meals,1,1
tent,1,1
variations,1,1
testimonials,1,1
know a,1,1
soon lots,1,1
crowd,1,1
producto,1,1
free,1,1
bath,1,1
effort i,1,1
misunderstandings,1,1
santa,1,1
hon,1,1
cheeks,1,1
fur,1,1
pass,1,1
begin two,1,1
months worst,1,1
adulthood,1,1
thumb,1,1
score if,1,1
day hiking,1,1
humid i,1,1
cigarettes,1,1
muffler,1,1
tips,1,1
imas,1,1
r eacute ellement,1,1
alternatives,1,1
too the,1,1
series designs,1,1
store it,1,1
ingenuity,1,1
collars,1,1
pieces came,1,1
booster,1,1
winxp version,1,1
ext,1,1
nickname,1,1
trade in,1,1
listing,1,1
shatter,1,1
stud,1,1
different i,1,1
interactivity,1,1
como,1,1
grazie,1,1
braclets,1,1
workbooks,1,1
fairies,1,1
apples,1,1
shortcomings,1,1
dishes,1,1
is for,1,1
repair,1,1
computers this,1,1
pocket i,1,1
brooms,1,1
yards,1,1
feautures,1,1
obstruction,1,1
turk,1,1
sin,1,1
done,1,1
respond,1,1
hallowenn,1,1
pop up,1,1
busses,1,1
auction,1,1
undershirt,1,1
manufacturers,1,1
skills no,1,1
slik,1,1
correctly the,1,1
prayers,1,1
flashcards i,1,1
orientation,1,1
backback,1,1
urdu,1,1
merchant,1,1
material i,1,1
dwie,1,1
primer,1,1
carry on,1,1
fonts,1,1
mini version,1,1
s h,1,1
cues,1,1
parades,1,1
bday,1,1
elasticity,1,1
modification,1,1
across and,1,1
things the,1,1
langualge,1,1
sauce,1,1
damaging,1,1
pros,1,1
g string,1,1
patience,1,1
englisch,1,1
advertisment,1,1
hurt,1,1
q a,1,1
genres,1,1
people i,1,1
binder,1,1
wayfarers,1,1
estimate,1,1
alittke,1,1
to do,1,1
lessons we,1,1
self discipline,1,1
stickers this,1,1
denominators,1,1
impressions,1,1
ram,1,1
whichever,1,1
excuse,1,1
like my,1,1
strands,1,1
devices,1,1
rearrangments,1,1
colors she,1,1
pimsler,1,1
bottem,1,1
answer why,1,1
interpreter,1,1
greatfully,1,1
playback,1,1
worries,1,1
fanatics,1,1
novelty,1,1
appthe,1,1
troopers,1,1
supermemo,1,1
distinctiveness,1,1
replies,1,1
condescending,1,1
btw,1,1
yippeeee,1,1
artists,1,1
maintenance true,1,1
sisters,1,1
switch things,1,1
handkerchief,1,1
portuguese,1,1
fine in,1,1
authorities,1,1
undoing,1,1
marker,1,1
jpn,1,1
slowly even,1,1
preposition,1,1
candidate,1,1
flood,1,1
ours,1,1
usefulness the,1,1
methodologies,1,1
matter i,1,1
earbuds,1,1
kindle,1,1
soke,1,1
helpful installation,1,1
prizes,1,1
solutions,1,1
creativeness,1,1
heritage,1,1
painful,1,1
barriers,1,1
minutes for,1,1
abs,1,1
sparce,1,1
curiosity,1,1
holding,1,1
programmers,1,1
frustration i,1,1
bearings,1,1
else i,1,1
actor,1,1
puddle,1,1
cho,1,1
pay,1,1
best,1,1
warnings,1,1
entirety,1,1
mouths,1,1
again the,1,1
time it,1,1
leggier,1,1
starters,1,1
declention,1,1
giant,1,1
weather aesy,1,1
events,1,1
alliance,1,1
tomboy,1,1
levelsare,1,1
derision if,1,1
rather,1,1
nervousness,1,1
amusement,1,1
tour,1,1
sez,1,1
strength,1,1
dialogue,1,1
receipts,1,1
anythign,1,1
traveller,1,1
shippment,1,1
subscriptions,1,1
disability,1,1
pleasent,1,1
fast,1,1
try there,1,1
surpasses,1,1
do if,1,1
it simply,1,1
politics,1,1
office this,1,1
twilight,1,1
reverse,1,1
cool,1,1
happiness,1,1
pound,1,1
first the,1,1
away too,1,1
masculine feminine,1,1
dude,1,1
smoothe,1,1
couldnt,1,1
health,1,1
caps,1,1
fluent,1,1
outlet,1,1
bahamas,1,1
utilikilt,1,1
me again,1,1
easier that,1,1
kitsch,1,1
rough,1,1
terminal,1,1
eaton,1,1
sone,1,1
croissant,1,1
highschool,1,1
product update,1,1
francisco,1,1
pal,1,1
vie,1,1
accents,1,1
therefrom next,1,1
language a,1,1
samurai,1,1
speakers i,1,1
homeland,1,1
promotions,1,1
chasing,1,1
bedtime,1,1
wach,1,1
emiliano romagnolo,1,1
money steer,1,1
adorable,1,1
lay maintenance,1,1
schooling,1,1
sprint,1,1
hugs,1,1
puppet,1,1
peice,1,1
wasnt,1,1
epic,1,1
timing,1,1
second guessing,1,1
illustrations,1,1
qulity,1,1
click buckles,1,1
girls women,1,1
pha i,1,1
blessings,1,1
evolution,1,1
necessity,1,1
alphabets,1,1
tonight,1,1
seoul,1,1
stone we,1,1
designi,1,1
razor,1,1
coins,1,1
good the,1,1
pictured the,1,1
bookend,1,1
windows simulator,1,1
explanation the,1,1
nfl,1,1
angel,1,1
recommendations,1,1
granny,1,1
work school,1,1
factors,1,1
noses,1,1
appart,1,1
trend,1,1
suggestion try,1,1
iraq,1,1
remember  doesn,1,1
grouping,1,1
feat,1,1
obama,1,1
around would,1,1
tucks,1,1
made,1,1
sweater,1,1
dogs,1,1
italian the,1,1
resolved hey,1,1
halfs,1,1
poofs,1,1
burma,1,1
omega,1,1
ugh when,1,1
mannor,1,1
skiing,1,1
jewelry i,1,1
rhythym,1,1
corey,1,1
practices,1,1
upgrades,1,1
mentally at,1,1
taylor,1,1
keychain,1,1
roller,1,1
soap,1,1
heaven,1,1
price my,1,1
careful,1,1
fold,1,1
overstatement,1,1
bambino,1,1
miku,1,1
football,1,1
bank,1,1
vehicle,1,1
crumpler,1,1
hipsters,1,1
professional business,1,1
certificate,1,1
french i,1,1
virus,1,1
egronomics,1,1
language rosetta,1,1
sardinian,1,1
spellings,1,1
daddy,1,1
hoodies,1,1
pasta,1,1
behalf,1,1
waldo,1,1
energy,1,1
tiempo,1,1
leap,1,1
scratchiness,1,1
staging,1,1
putthe,1,1
circulation,1,1
genetics,1,1
biking great,1,1
water soda,1,1
eslabones,1,1
multi gauge,1,1
alarms,1,1
sterling,1,1
impersonation,1,1
clock,1,1
photo shoot,1,1
tooth,1,1
lights,1,1
gown,1,1
pies,1,1
booty,1,1
extent,1,1
niece she,1,1
ankles,1,1
lithuania,1,1
sheers,1,1
digit,1,1
intern,1,1
referent,1,1
companions,1,1
great i,1,1
works the,1,1
noticeable i,1,1
trimmedcolor,1,1
shots,1,1
repertoire bronika,1,1
guests,1,1
podcastshomeschool,1,1
years my,1,1
occurred if,1,1
turtle,1,1
sink,1,1
swims dives,1,1
dopey,1,1
itself i,1,1
hand it,1,1
butterflies,1,1
fill,1,1
ones joe,1,1
aun,1,1
understand  builds,1,1
marathon,1,1
tafeta,1,1
jobs,1,1
slippers,1,1
cosplay the,1,1
headache,1,1
preferences,1,1
camp,1,1
osx,1,1
math,1,1
techie,1,1
e mail,1,1
killing,1,1
software even,1,1
covered ok,1,1
hell,1,1
principles,1,1
her this,1,1
problem some,1,1
catch,1,1
forwhat,1,1
baro button,1,1
verifications,1,1
abbiamo,1,1
than,1,1
labor,1,1
said,1,1
frizzier,1,1
parameters,1,1
beach thanks,1,1
activewear,1,1
larry,1,1
spine,1,1
dancer,1,1
galera,1,1
benedict,1,1
enjoyable i,1,1
affiliation,1,1
time a,1,1
learning the,1,1
scuba,1,1
stars if,1,1
decades,1,1
qualityi,1,1
perceptions,1,1
weaknesses,1,1
euros i,1,1
myanmar,1,1
all but,1,1
stilts,1,1
in rosetta,1,1
raphael,1,1
gluing,1,1
existence,1,1
nelson,1,1
america,1,1
seuss,1,1
dhl,1,1
com,1,1
wonderful,1,1
nit,1,1
antivirus,1,1
transport,1,1
lock latch,1,1
ship,1,1
styrofoam,1,1
introduction,1,1
refunds,1,1
competitor,1,1
greek,1,1
players my,1,1
breaker,1,1
wow,1,1
farewells,1,1
nuance,1,1
arabian,1,1
trousers,1,1
shuts,1,1
diva,1,1
it it,1,1
guns,1,1
police,1,1
you if,1,1
asians,1,1
tutu fairy princess,1,1
male,1,1
sites the,1,1
sydney,1,1
downgrade,1,1
buying,1,1
auto,1,1
unit buy,1,1
talks,1,1
rip off,1,1
presents,1,1
flower,1,1
out quality,1,1
bag purse,1,1
mexican,1,1
maxi,1,1
tees sweatshirts,1,1
earring,1,1
sollution,1,1
crash,1,1
klymaxx although,1,1
crew,1,1
hey,1,1
product  more,1,1
cd rom,1,1
francais,1,1
paints,1,1
bases,1,1
vibes,1,1
edgard,1,1
abuse,1,1
lakeside,1,1
same,1,1
speak,1,1
progression,1,1
fullness,1,1
participation,1,1
mommies,1,1
address,1,1
laundry,1,1
schedules,1,1
howl,1,1
pull,1,1
better minnie,1,1
environment however,1,1
seasons,1,1
statements,1,1
defaults,1,1
quintet,1,1
pero,1,1
black,1,1
nations,1,1
along,1,1
indentations,1,1
rats,1,1
cobre,1,1
gold recommend,1,1
pictionary because,1,1
wilt,1,1
experiment,1,1
never,1,1
tours,1,1
shalamar,1,1
instructors,1,1
pixy,1,1
boxes spaces,1,1
words phrases,1,1
face it,1,1
treat allowing,1,1
lombard,1,1
pleats,1,1
bride,1,1
nyc,1,1
tshirts,1,1
macintosh,1,1
suspect,1,1
documents,1,1
it when,1,1
resident,1,1
haha,1,1
polyglots,1,1
fidgeting thirdly,1,1
okdelivery,1,1
skateboard,1,1
harms,1,1
cable aran,1,1
optics,1,1
babbel,1,1
memories i,1,1
tasks,1,1
duo,1,1
katas,1,1
rocket,1,1
snow,1,1
fly,1,1
vacation overall,1,1
meal it,1,1
eastern,1,1
mill,1,1
mechanism,1,1
economics,1,1
know,1,1
hillary,1,1
productions,1,1
freaks,1,1
bateman,1,1
mistakes if,1,1
these some,1,1
language for,1,1
speck,1,1
pronounciations,1,1
checking,1,1
pascal,1,1
beggars,1,1
wahn,1,1
encounter,1,1
months i,1,1
adult ultimately,1,1
thrown together at the last moment feel,1,1
squares,1,1
day great,1,1
purchasing,1,1
gen,1,1
pendants,1,1
bicycyle,1,1
waswrong,1,1
eras,1,1
mudcloth,1,1
airway,1,1
steampunk,1,1
delievered,1,1
r d,1,1
climate,1,1
gkid,1,1
philosophy,1,1
blinker,1,1
welcomed this,1,1
neckline,1,1
alternative it,1,1
too it,1,1
lifespan,1,1
information the,1,1
read genki,1,1
goods,1,1
bookstore,1,1
nicki,1,1
traction,1,1
listening,1,1
sharpies,1,1
stuart,1,1
interactions,1,1
grass,1,1
planes,1,1
trial update,1,1
losers,1,1
sumbody,1,1
discs,1,1
broomit,1,1
yaoi,1,1
features the,1,1
obstacles weak,1,1
arranger,1,1
simply nevertheless,1,1
sweet,1,1
respect,1,1
container,1,1
hallowen,1,1
businesses,1,1
on it,1,1
attitude,1,1
underlay,1,1
skills i,1,1
t xs,1,1
jewerly it,1,1
rice,1,1
slides,1,1
correctly my,1,1
he she,1,1
prayer,1,1
cam,1,1
back this,1,1
upstairs,1,1
merchandising,1,1
material and,1,1
dw oacute ch,1,1
romansh,1,1
sockets,1,1
course i,1,1
carrier,1,1
pacific,1,1
variation,1,1
barbies,1,1
mini van,1,1
textfugu com,1,1
ryu ha,1,1
cue,1,1
history i,1,1
freshman,1,1
visors,1,1
either there,1,1
languages this,1,1
spider man,1,1
hoops,1,1
proposal,1,1
chiffon,1,1
g sting,1,1
pathology,1,1
engineering,1,1
moscow,1,1
advertising,1,1
screwdrivers,1,1
standing,1,1
deals,1,1
hurry,1,1
pvc,1,1
cities,1,1
billy,1,1
way i,1,1
establishments,1,1
muscles,1,1
ali,1,1
lessons the,1,1
demonstratives,1,1
closure,1,1
glossary,1,1
where otherwise,1,1
exclusion,1,1
negativity,1,1
tops,1,1
like for,1,1
set up,1,1
straight,1,1
inside i,1,1
rear,1,1
grafts,1,1
pillow,1,1
both i,1,1
wks,1,1
extras,1,1
nightlight,1,1
transit it,1,1
shill,1,1
stuff what,1,1
diming,1,1
interpretations,1,1
reflectors,1,1
great will,1,1
brass,1,1
worm,1,1
trooper,1,1
superiority,1,1
it and,1,1
guidebook,1,1
yet amazon,1,1
fees i,1,1
artist,1,1
tutorials,1,1
sister in law,1,1
dot,1,1
j i,1,1
contrary,1,1
handicapped,1,1
buttox,1,1
driving if,1,1
rim,1,1
slow so,1,1
preparation,1,1
cancer,1,1
flight,1,1
backup,1,1
usefulness,1,1
kindergarten level,1,1
rosales,1,1
softwares,1,1
cases from,1,1
solution i,1,1
creases,1,1
here the,1,1
proceedings,1,1
catholic,1,1
fragrance,1,1
barretto,1,1
version i,1,1
about i,1,1
ladino,1,1
cups the,1,1
programme,1,1
beard,1,1
vogue,1,1
else,1,1
activity otherwise,1,1
scavenger,1,1
spokeswoman,1,1
dark,1,1
hours also,1,1
publication,1,1
game it,1,1
pavillion,1,1
bernadette,1,1
warned however,1,1
mouthhole,1,1
africa,1,1
started overall,1,1
icon,1,1
ghz,1,1
biscuits the,1,1
nail,1,1
allergies,1,1
sender,1,1
depthfinder,1,1
goblins,1,1
piano,1,1
boit,1,1
expense,1,1
nerds,1,1
ams,1,1
touille,1,1
sexy,1,1
strenghts,1,1
dialoging,1,1
institute,1,1
reccommends,1,1
come,1,1
pipe,1,1
bowl,1,1
wool,1,1
anyone anyhow,1,1
travelguide,1,1
shipping thank,1,1
subscription given,1,1
disabilities,1,1
investigations,1,1
regulations,1,1
complaint i,1,1
greeting introductions,1,1
pleased i,1,1
area they,1,1
try here,1,1
lynn,1,1
side maybe,1,1
divisions,1,1
it she,1,1
requests,1,1
politician,1,1
youngchildren,1,1
festival,1,1
assembling i,1,1
mama,1,1
jean,1,1
reveal joe,1,1
hanna,1,1
pouches,1,1
c est,1,1
first maybe,1,1
away lessons,1,1
mary,1,1
tape cd,1,1
jwelery,1,1
rmn,1,1
smooth,1,1
cough,1,1
healing,1,1
presses,1,1
capital,1,1
fluency level,1,1
outing,1,1
utensils,1,1
tellmemore com,1,1
eating,1,1
crocs,1,1
highs,1,1
product there,1,1
pajamas,1,1
basie,1,1
miss,1,1
accent  maybe,1,1
there i,1,1
sams,1,1
custome,1,1
homeade,1,1
promise,1,1
partner,1,1
bedroom,1,1
waaaay,1,1
emersion,1,1
money background,1,1
admission,1,1
though there,1,1
lawyers,1,1
school room,1,1
punks,1,1
christ,1,1
gata,1,1
pefect,1,1
washington,1,1
epcot,1,1
mpt,1,1
ahem,1,1
leno,1,1
second,1,1
illusion,1,1
quizzes,1,1
clerics,1,1
neapolitan,1,1
alphabet i,1,1
tongues blessings,1,1
sentences your,1,1
stone the,1,1
rays,1,1
good a l,1,1
picture the,1,1
book i,1,1
android,1,1
toy boxes,1,1
linux,1,1
shape style,1,1
strokes,1,1
diction,1,1
insurance,1,1
recommendation,1,1
commonality,1,1
grannie,1,1
placement,1,1
boyfriends,1,1
work online,1,1
tremendously i,1,1
shoes however,1,1
suggested,1,1
disclosure,1,1
composure,1,1
oath,1,1
around it,1,1
tubes,1,1
madagaskar,1,1
silence quite,1,1
sweat,1,1
italian overall,1,1
resistence,1,1
construct,1,1
pooch,1,1
ziplock,1,1
olongapo,1,1
attatch,1,1
ugh,1,1
skid,1,1
dread,1,1
rhythms,1,1
sled,1,1
core the,1,1
flannel,1,1
baby boomers,1,1
upgrade,1,1
ment,1,1
taught problem,1,1
rolex,1,1
snugger,1,1
coupel,1,1
heat,1,1
price additional,1,1
career,1,1
foe,1,1
oversight,1,1
valentines,1,1
bangkok,1,1
vcr i,1,1
tests some,1,1
runs,1,1
cruise if,1,1
professional,1,1
virgen,1,1
ego,1,1
thin,1,1
language my,1,1
sarcasm,1,1
cherry,1,1
futari,1,1
more rosetta,1,1
leagues,1,1
stages,1,1
de activiation,1,1
push,1,1
circles,1,1
multi,1,1
tissue,1,1
lesson it,1,1
seepolski,1,1
stereo,1,1
deluxe,1,1
impact,1,1
racer,1,1
clips aside,1,1
glimpse,1,1
blood,1,1
well what,1,1
excellent,1,1
needless,1,1
altimeterso,1,1
tooo,1,1
service my,1,1
inquiry,1,1
collections,1,1
government,1,1
piedmontese,1,1
boots,1,1
extensions,1,1
niece it,1,1
ankle showing,1,1
sheath,1,1
digging,1,1
references,1,1
great grandparents,1,1
plant,1,1
brains,1,1
works i,1,1
faith,1,1
notice,1,1
tries,1,1
dismay,1,1
israel,1,1
repeatedly there,1,1
concentration,1,1
guest,1,1
poco,1,1
year the,1,1
occitan,1,1
arrown,1,1
mailbox,1,1
singular,1,1
responsive i,1,1
population,1,1
filipinos,1,1
audition,1,1
underskirt,1,1
skinny,1,1
slippage,1,1
head turns,1,1
camisole,1,1
flavour,1,1
oses,1,1
usb,1,1
materials i,1,1
dynamics,1,1
roommate,1,1
software buy,1,1
cart,1,1
package i,1,1
hems,1,1
fortune,1,1
baro,1,1
minneapolis,1,1
aaa,1,1
thailand dw,1,1
labels,1,1
space however,1,1
cuffs,1,1
ho i,1,1
profit,1,1
parallels,1,1
vni,1,1
electronics,1,1
module,1,1
savvy,1,1
spin,1,1
horror,1,1
protections,1,1
gald,1,1
pattaya,1,1
bend,1,1
english the,1,1
affair,1,1
timbuk,1,1
learning prior,1,1
scrolls,1,1
hwo,1,1
birds,1,1
weakness,1,1
muy,1,1
lettering,1,1
dentures,1,1
in laws,1,1
rant,1,1
club,1,1
phrasebook,1,1
bodice,1,1
whispers,1,1
neighbors,1,1
dey,1,1
coloursplus,1,1
pinch,1,1
bottles i,1,1
wonder,1,1
eyeglass,1,1
anti shock,1,1
translations i,1,1
shins,1,1
styling,1,1
direction,1,1
intro,1,1
competition,1,1
breakdowns,1,1
wounds,1,1
troubles,1,1
luis,1,1
shrinking,1,1
supplier gives,1,1
districts,1,1
it in,1,1
representation,1,1
gum,1,1
poles,1,1
buckle,1,1
you for,1,1
fellini,1,1
off a,1,1
asap never,1,1
downfall,1,1
possessions,1,1
market homeschooling,1,1
drug,1,1
jumpsuit costume,1,1
rip,1,1
smalles,1,1
costumer,1,1
presentationi,1,1
cantina,1,1
flow,1,1
out how,1,1
bag i,1,1
methodthere,1,1
max,1,1
teens,1,1
earpieces,1,1
kirk,1,1
roseta,1,1
soldiers,1,1
crap honestly,1,1
route,1,1
someones,1,1
creeps,1,1
cd mp,1,1
franais,1,1
baseball,1,1
vibe,1,1
eddie,1,1
mirandese,1,1
abundance,1,1
them it,1,1
lake,1,1
salt,1,1
curvature,1,1
fulfillment,1,1
beating,1,1
volumn,1,1
elsewheres,1,1
momma,1,1
thor,1,1
launch,1,1
schedule,1,1
spoon,1,1
database,1,1
houston,1,1
puffy,1,1
choice the,1,1
bettah,1,1
movements,1,1
agents,1,1
timekeeping,1,1
lego,1,1
quilts,1,1
classroom cons,1,1
periord,1,1
every,1,1
naples,1,1
librarian,1,1
described will,1,1
inconvenience,1,1
pics,1,1
bonnet otherwise,1,1
willpower,1,1
netherlands,1,1
tourists,1,1
shake,1,1
stretches,1,1
diameter,1,1
grandkids,1,1
pix,1,1
words i,1,1
non owners,1,1
anyways,1,1
treasure,1,1
lollipops,1,1
shirtinstead,1,1
substance when,1,1
grin,1,1
writer,1,1
nutshell,1,1
sights,1,1
documentation,1,1
it to,1,1
reservations,1,1
had,1,1
bulb,1,1
yro,1,1
fibers,1,1
okbut,1,1
tyme,1,1
sizings,1,1
sync,1,1
draw,1,1
jersey,1,1
skylanders,1,1
cooper,1,1
power attack,1,1
cabinets,1,1
b day,1,1
unraveliny,1,1
mask the,1,1
counting,1,1
preteen easy,1,1
carboard,1,1
fluke,1,1
outs the,1,1
microphone headset,1,1
me initially,1,1
tengu,1,1
easilyi,1,1
militarism,1,1
hilarity,1,1
cent,1,1
fray,1,1
panels,1,1
bassist,1,1
viewer,1,1
these grade,1,1
language aside,1,1
specialty,1,1
party too,1,1
beerchild,1,1
wagner,1,1
monster,1,1
squarepants,1,1
david,1,1
humanity,1,1
chunk,1,1
gems,1,1
bicycle rollerblade,1,1
wasteband,1,1
mud,1,1
leonese,1,1
seconds month,1,1
steamer,1,1
deliever,1,1
r b,1,1
clients,1,1
giving,1,1
philippines,1,1
weird but,1,1
exacty,1,1
too,1,1
lifesaver,1,1
sergeant,1,1
desires,1,1
re purchase,1,1
goodnight,1,1
bookshelf,1,1
winnie,1,1
nickel,1,1
aniline,1,1
shares,1,1
struggle,1,1
recordings,1,1
braceletes,1,1
workaround the,1,1
fails this,1,1
appearances,1,1
trial if,1,1
discrepency,1,1
renditions,1,1
guara,1,1
pocession,1,1
broomi,1,1
yacht,1,1
simple,1,1
itdo,1,1
halloweens,1,1
on after,1,1
attention a,1,1
manuel,1,1
skills another,1,1
rica,1,1
slide,1,1
correction,1,1
hawks,1,1
praise,1,1
calls amazon,1,1
flashcard pictures,1,1
back so,1,1
upside,1,1
teachers,1,1
khadr,1,1
romanization,1,1
heel,1,1
carnival,1,1
follow rosetta,1,1
bananas,1,1
vanity,1,1
forgiveness,1,1
packing,1,1
barbara,1,1
melodies,1,1
kyoto,1,1
ryu,1,1
sounds i,1,1
crystal glass,1,1
history,1,1
professor,1,1
fresh if,1,1
bayreuth,1,1
either the,1,1
acknowledgement,1,1
thing just,1,1
languages there,1,1
spf   t,1,1
dalmations,1,1
hoop,1,1
proportionate,1,1
chiangmai,1,1
g shock,1,1
bellies,1,1
engine,1,1
advertisements,1,1
learner language,1,1
screwdriver,1,1
hurdy,1,1
cirle,1,1
billowy,1,1
esta,1,1
muscleman,1,1
alert,1,1
tito,1,1
lessons still,1,1
impossible to pronounce,1,1
rain,1,1
glittery,1,1
photography,1,1
blunder,1,1
excitement,1,1
amazing,1,1
topics,1,1
like,1,1
realyy,1,1
gradient,1,1
pillbox,1,1
boss,1,1
extra,1,1
night sonny,1,1
anotherbig,1,1
transfer,1,1
llevo,1,1
shi,1,1
stuff so,1,1
interpretation,1,1
reflection,1,1
world some,1,1
approaches,1,1
trips,1,1
superhero,1,1
displays,1,1
ist,1,1
replacements,1,1
concerns if,1,1
guide authorization,1,1
brush,1,1
feelings,1,1
artifacts,1,1
mainstream,1,1
swing,1,1
restroom,1,1
contradiction,1,1
handicap,1,1
portions,1,1
finding,1,1
understanding cons,1,1
marines,1,1
skull,1,1
tag size,1,1
right i,1,1
costa,1,1
header,1,1
prep,1,1
can,1,1
flexibility the,1,1
ought,1,1
backs,1,1
useage,1,1
matte,1,1
techniques adults,1,1
eacute tude,1,1
software the,1,1
crack,1,1
privileges,1,1
here i,1,1
caterpillar,1,1
barometre,1,1
ability my,1,1
thanx,1,1
sakura,1,1
program so,1,1
frown,1,1
bear,1,1
vocal,1,1
elimination,1,1
activity i,1,1
this to,1,1
latin there,1,1
scam,1,1
hot ah,1,1
public to,1,1
enough only,1,1
mouthful,1,1
time i,1,1
lecture,1,1
started easy,1,1
quest,1,1
get negatives,1,1
mystery,1,1
all my,1,1
together fell,1,1
level the,1,1
inc,1,1
co worker,1,1
goals,1,1
pianists,1,1
boht,1,1
nerd,1,1
tought its,1,1
sexxy,1,1
streets,1,1
instantaneously some,1,1
reccomendation,1,1
combo,1,1
bowie,1,1
no no,1,1
travelers,1,1
log,1,1
inventory,1,1
regret,1,1
greens,1,1
pld,1,1
breasts,1,1
wrinkle,1,1
fart,1,1
luv,1,1
sure,1,1
dividers,1,1
it otherwise,1,1
request,1,1
gutteral,1,1
buggy,1,1
you zeb,1,1
femme,1,1
offers,1,1
aspects,1,1
tween,1,1
malwarebytes,1,1
six months,1,1
downs,1,1
hangups,1,1
pouch,1,1
operation,1,1
awakening,1,1
universe,1,1
marvel,1,1
dst,1,1
headsets,1,1
usuable what,1,1
tell,1,1
kitaabun,1,1
solution,1,1
cream,1,1
terivoile,1,1
easy level,1,1
rsfluenz,1,1
son but,1,1
high,1,1
product never,1,1
cebu,1,1
france pros,1,1
mispronunciation,1,1
langauge,1,1
sampling,1,1
speaker you,1,1
prologue,1,1
funciona,1,1
parting,1,1
waaaaay,1,1
embroidery,1,1
though second,1,1
school most,1,1
daugher,1,1
hubler,1,1
beware,1,1
envy,1,1
mph,1,1
seattle,1,1
statue,1,1
defense,1,1
iknow jp,1,1
quiz,1,1
clear,1,1
weeds,1,1
everytime,1,1
neace,1,1
alphabet here,1,1
tongue that,1,1
sentences they,1,1
stone no,1,1
designed varied,1,1
indiglo,1,1
rayon,1,1
good,1,1
picture rubie,1,1
andplural,1,1
dick,1,1
insult,1,1
recommend,1,1
committment,1,1
place rosetta,1,1
north,1,1
long,1,1
sufficient pros,1,1
disclaimers,1,1
compositions,1,1
plug,1,1
briefcases,1,1
favourite,1,1
o s,1,1
army,1,1
tu tu,1,1
macumba,1,1
signs menus media,1,1
swallow,1,1
resistance,1,1
consonants,1,1
hala,1,1
pony,1,1
bum,1,1
fight,1,1
olds,1,1
attachment,1,1
u s,1,1
ski,1,1
slacks,1,1
ppc,1,1
calculator,1,1
fix i,1,1
masters,1,1
taught a,1,1
durables,1,1
hearts,1,1
overload,1,1
vagina,1,1
bang,1,1
vaseline,1,1
min your,1,1
medals,1,1
knowledge example,1,1
products again,1,1
freight,1,1
pantsuit,1,1
batman,1,1
viqr,1,1
egg,1,1
moccasins,1,1
accomodation,1,1
language let,1,1
sara,1,1
speedmaster,1,1
d i l,1,1
pronunciation the,1,1
passion,1,1
advacning,1,1
tides,1,1
league,1,1
ddr,1,1
humor,1,1
genders,1,1
penny durable,1,1
biker,1,1
errors although,1,1
alabama,1,1
tissot,1,1
seepolish,1,1
steps,1,1
race,1,1
glassjaw,1,1
blocker,1,1
well there,1,1
excelleant,1,1
light a,1,1
stores again,1,1
collection i,1,1
piecesdo,1,1
booth,1,1
wisconsin,1,1
traffic,1,1
shearing,1,1
great also,1,1
applicastions,1,1
lot second,1,1
febreeze,1,1
arrow,1,1
turquios,1,1
singles,1,1
swimers,1,1
itouch,1,1
halves,1,1
filipino pilipino tagalog,1,1
one lol,1,1
mappings,1,1
skin our,1,1
tabs,1,1
drills,1,1
ride,1,1
slip,1,1
cosmetics,1,1
head neck,1,1
precision,1,1
camera,1,1
ornament,1,1
backgrounds,1,1
tears,1,1
dynamic,1,1
kidding,1,1
roominess,1,1
cousin,1,1
heirlooms,1,1
cars,1,1
foods,1,1
cassettes,1,1
formulae,1,1
padrisimo,1,1
barneyyyyyyyyyyyyyyyyyy,1,1
minimum,1,1
a  a,1,1
labeling,1,1
sacramental,1,1
cuff,1,1
fries,1,1
paragraphs,1,1
be the,1,1
eldest,1,1
modifiers,1,1
actions,1,1
savants,1,1
spills,1,1
damn,1,1
gains,1,1
patio,1,1
belts,1,1
wan,1,1
english lots,1,1
advocate,1,1
timbales,1,1
learning my,1,1
scripts,1,1
qualities,1,1
city aside,1,1
geography,1,1
bingo,1,1
wdw,1,1
alkis,1,1
self taught,1,1
stiffness,1,1
dent,1,1
ranges,1,1
glowing,1,1
phrase sentence,1,1
bobby pins,1,1
while overall,1,1
amazon i,1,1
limit,1,1
devushka,1,1
install,1,1
grammar structure,1,1
bottles,1,1
eyebrows,1,1
locations,1,1
shines i,1,1
dipthongs,1,1
refugees,1,1
compendia,1,1
greatly vocabulary,1,1
breakdown,1,1
worthless maybe,1,1
now,1,1
aptitude,1,1
lui,1,1
shrinkage,1,1
distributors,1,1
guitar,1,1
poland,1,1
bubble,1,1
off,1,1
artwork,1,1
tutors i,1,1
maker,1,1
site this,1,1
swith,1,1
retail,1,1
convenience,1,1
handle,1,1
positives,1,1
onslaught,1,1
authorization,1,1
uniformity,1,1
tailor,1,1
drops,1,1
rink,1,1
small my,1,1
costume edges,1,1
cans,1,1
out color,1,1
user this,1,1
matthew,1,1
teenager,1,1
earlier unfortunately,1,1
kiosk,1,1
roses,1,1
soldier,1,1
hem,1,1
rounds,1,1
hernia,1,1
produced the,1,1
framework,1,1
vey,1,1
ect,1,1
miranda this,1,1
absorption,1,1
their,1,1
laggy,1,1
spats,1,1
programsandtotal,1,1
characters i,1,1
fuchsia,1,1
parking,1,1
beater,1,1
elsewhere stop,1,1
moments,1,1
adaptations,1,1
thongs,1,1
scenes,1,1
spongebob the,1,1
puerta,1,1
gap,1,1
pcs,1,1
beta,1,1
warrior,1,1
agencies,1,1
time pros,1,1
legion version,1,1
decoration don,1,1
quickly this,1,1
gibberish,1,1
bkk,1,1
everbody,1,1
napkin,1,1
allowance,1,1
libido,1,1
stockings,1,1
described i,1,1
inchs,1,1
rating if,1,1
coat,1,1
picnic,1,1
william,1,1
experience on,1,1
anarchy,1,1
linguaphile,1,1
instructions thought,1,1
comination,1,1
grandfather,1,1
pirate,1,1
box the,1,1
fabric the,1,1
noises,1,1
anyway i,1,1
lol so,1,1
disadvantages positives,1,1
reinstalling if,1,1
pleasure,1,1
breezes,1,1
faster with,1,1
nuts,1,1
arg,1,1
tsee ah,1,1
machine the,1,1
surprises,1,1
document,1,1
it those,1,1
habits,1,1
polyamide,1,1
bujinkan,1,1
fiancee,1,1
ohio,1,1
assistance,1,1
twirling,1,1
symphony,1,1
drapes,1,1
jeggings,1,1
cooler,1,1
harder,1,1
fishing,1,1
b c,1,1
unraveling,1,1
mask i,1,1
tarzan,1,1
dummies,1,1
kantrowitz,1,1
robe,1,1
heard it,1,1
presuppositions,1,1
fluff,1,1
output,1,1
ballad,1,1
v string,1,1
me i,1,1
easily pros,1,1
terrific,1,1
echandi,1,1
ruffness,1,1
crop,1,1
hiking i,1,1
producti,1,1
cellphone pens,1,1
fraud,1,1
bass,1,1
effectiveness,1,1
accessibility,1,1
language and,1,1
custume,1,1
homeschoolers,1,1
pronounced,1,1
chats,1,1
beer,1,1
wader,1,1
layering,1,1
square,1,1
dave,1,1
human,1,1
purchasers,1,1
chronograph,1,1
geeek,1,1
equipment,1,1
delevery,1,1
qur,1,1
clicks,1,1
giver,1,1
phenomenon,1,1
bley,1,1
exactly,1,1
life my,1,1
re ordering,1,1
cole,1,1
goodies,1,1
pictures all,1,1
explorer we,1,1
niche,1,1
angle,1,1
lipstick,1,1
didnt,1,1
workaround other,1,1
fail,1,1
shopkeepers,1,1
rendezvous,1,1
guachi,1,1
plus i,1,1
y o,1,1
feature what,1,1
tuition,1,1
magazine,1,1
swedish in,1,1
doll,1,1
consumer,1,1
pool,1,1
zombies,1,1
fila i,1,1
on  there,1,1
manually the,1,1
ribs,1,1
slew,1,1
corners,1,1
havengetal,1,1
practitioners,1,1
calls,1,1
flashbacks,1,1
ore,1,1
back bag,1,1
upset,1,1
materia,1,1
teacher a,1,1
keyword,1,1
societies,1,1
courage,1,1
price three,1,1
carlos,1,1
banana,1,1
packet,1,1
velarde,1,1
meetings,1,1
kukishinden,1,1
russians,1,1
cry,1,1
hiragana katakana,1,1
professions,1,1
french the,1,1
paperback,1,1
bayardo,1,1
model speaking,1,1
thing i,1,1
spf,1,1
daily i,1,1
properties,1,1
chi,1,1
fyi,1,1
path,1,1
being,1,1
walking,1,1
engagement,1,1
moron,1,1
screen edit,1,1
deal this,1,1
circumstances,1,1
genius,1,1
pentominos,1,1
waves,1,1
essentials,1,1
muscle,1,1
titles,1,1
lessons i,1,1
stevensbooks,1,1
demerit,1,1
raiders,1,1
glitter,1,1
always,1,1
topic,1,1
developers,1,1
realness,1,1
colleges,1,1
grades,1,1
pilipino,1,1
bored the,1,1
with don,1,1
nigel,1,1
annoyance,1,1
dilemma,1,1
interns,1,1
refinement,1,1
great my,1,1
brands,1,1
families,1,1
notions,1,1
loves,1,1
shoulder lastly,1,1
superb,1,1
podcastswhich,1,1
bruder,1,1
yes,1,1
ocof,1,1
turus,1,1
mainly the,1,1
sista,1,1
swimwear,1,1
dorthy,1,1
itthe,1,1
finally,1,1
margins,1,1
skritter com,1,1
tag bonne,1,1
right he,1,1
campus,1,1
fleet,1,1
use the,1,1
matt,1,1
e r,1,1
roots,1,1
software some,1,1
helmet thank,1,1
printing,1,1
here human,1,1
problems get,1,1
category,1,1
pager,1,1
barometer altimeter,1,1
versatility,1,1
minus,1,1
program it,1,1
chapstick,1,1
parcel,1,1
vocabulary rosetta,1,1
eligible,1,1
this the,1,1
spiro,1,1
dancin,1,1
hot,1,1
public,1,1
paunchy,1,1
wares,1,1
enough instead,1,1
afghan,1,1
time great,1,1
leave,1,1
sea patchfinder,1,1
deccribed,1,1
i we,1,1
clarification,1,1
percussionist,1,1
mykid,1,1
toes so,1,1
level a,1,1
semantics,1,1
depiction,1,1
inablity,1,1
rash,1,1
clusters,1,1
goal,1,1
pianist,1,1
width,1,1
expectation,1,1
grandaughters,1,1
pinnacle,1,1
bouncy,1,1
wonderfull,1,1
eyepatch,1,1
no brainer,1,1
locks,1,1
dirk,1,1
intuition,1,1
complain,1,1
greenish grey,1,1
breaks,1,1
wrapping,1,1
farsi dari,1,1
nuestra,1,1
archangel,1,1
lushness,1,1
sicily,1,1
it now,1,1
reputation,1,1
conflict,1,1
you one,1,1
offering,1,1
malsby,1,1
downloads,1,1
jay,1,1
retrograde,1,1
conversationalist,1,1
posters,1,1
buzzwords,1,1
firm,1,1
opera,1,1
aviators,1,1
univeristy,1,1
mars,1,1
rises,1,1
costune,1,1
headset to,1,1
presidents,1,1
capability,1,1
bagpack,1,1
usps,1,1
mfa,1,1
mazzoni,1,1
telephone,1,1
kitaaba,1,1
solos,1,1
crazy,1,1
knack,1,1
rs i,1,1
cristina,1,1
hig,1,1
product naturally,1,1
pair color,1,1
basics cons,1,1
vice president,1,1
edgejust,1,1
mispronounciations the,1,1
academics,1,1
themthank,1,1
lane,1,1
cushion,1,1
holloween,1,1
charm all,1,1
fun i,1,1
becuase,1,1
w out,1,1
emblem,1,1
moms,1,1
adjectives,1,1
though if,1,1
spouse,1,1
daug,1,1
pun,1,1
betterguidebooks,1,1
envirosax,1,1
mp s,1,1
agreed,1,1
timers,1,1
leisure,1,1
seats,1,1
defects,1,1
iii,1,1
quitar,1,1
cleaning,1,1
blank,1,1
license after,1,1
stone if,1,1
rayna,1,1
goldtones i,1,1
picture and,1,1
boobs,1,1
winder,1,1
experimentation,1,1
newbie,1,1
anders it,1,1
link,1,1
shanghai,1,1
strip,1,1
diapers,1,1
instruments,1,1
recomendado,1,1
commitment,1,1
words that,1,1
normaly,1,1
aplomb,1,1
discipline,1,1
iplan,1,1
composition,1,1
briefcase,1,1
x l,1,1
o k,1,1
arms shoulders,1,1
tte,1,1
macs,1,1
does others,1,1
ita,1,1
resin,1,1
considerations,1,1
hairspray,1,1
ponies loving,1,1
bullet,1,1
zeitgeist the,1,1
asturian,1,1
manhattan,1,1
skele toe,1,1
syrofoam,1,1
rhinstones,1,1
slack,1,1
update,1,1
masterpiece,1,1
kenya,1,1
rodeo,1,1
snowflakes,1,1
country overall,1,1
balliett,1,1
tenure first,1,1
easy i,1,1
